slot_id,date,day_name,is_weekend,parallel_index,week,is_off_week,time_uk,time_ist,label
1,2026-08-15,Saturday,True,1,1,False,2026-08-15 15:00 BST,2026-08-15 19:30 IST,Sat 15 Aug 2026 15:00 UK (Parallel 1) | 19:30 IST
2,2026-08-15,Saturday,True,2,1,False,2026-08-15 15:00 BST,2026-08-15 19:30 IST,Sat 15 Aug 2026 15:00 UK (Parallel 2) | 19:30 IST
3,2026-08-16,Sunday,True,1,1,False,2026-08-16 15:00 BST,2026-08-16 19:30 IST,Sun 16 Aug 2026 15:00 UK (Parallel 1) | 19:30 IST
4,2026-08-16,Sunday,True,2,1,False,2026-08-16 15:00 BST,2026-08-16 19:30 IST,Sun 16 Aug 2026 15:00 UK (Parallel 2) | 19:30 IST
5,2026-08-17,Monday,False,1,2,False,2026-08-17 20:00 BST,2026-08-18 00:30 IST,Mon 17 Aug 2026 20:00 UK (Parallel 1) | 00:30 IST
6,2026-08-18,Tuesday,False,1,2,False,2026-08-18 20:00 BST,2026-08-19 00:30 IST,Tue 18 Aug 2026 20:00 UK (Parallel 1) | 00:30 IST
7,2026-08-19,Wednesday,False,1,2,False,2026-08-19 20:00 BST,2026-08-20 00:30 IST,Wed 19 Aug 2026 20:00 UK (Parallel 1) | 00:30 IST
8,2026-08-19,Wednesday,False,2,2,False,2026-08-19 20:00 BST,2026-08-20 00:30 IST,Wed 19 Aug 2026 20:00 UK (Parallel 2) | 00:30 IST
9,2026-08-20,Thursday,False,1,2,False,2026-08-20 20:00 BST,2026-08-21 00:30 IST,Thu 20 Aug 2026 20:00 UK (Parallel 1) | 00:30 IST
10,2026-08-21,Friday,False,1,2,False,2026-08-21 20:00 BST,2026-08-22 00:30 IST,Fri 21 Aug 2026 20:00 UK (Parallel 1) | 00:30 IST
11,2026-08-21,Friday,False,2,2,False,2026-08-21 20:00 BST,2026-08-22 00:30 IST,Fri 21 Aug 2026 20:00 UK (Parallel 2) | 00:30 IST
12,2026-08-22,Saturday,True,1,2,False,2026-08-22 15:00 BST,2026-08-22 19:30 IST,Sat 22 Aug 2026 15:00 UK (Parallel 1) | 19:30 IST
13,2026-08-22,Saturday,True,2,2,False,2026-08-22 15:00 BST,2026-08-22 19:30 IST,Sat 22 Aug 2026 15:00 UK (Parallel 2) | 19:30 IST
14,2026-08-23,Sunday,True,1,2,False,2026-08-23 15:00 BST,2026-08-23 19:30 IST,Sun 23 Aug 2026 15:00 UK (Parallel 1) | 19:30 IST
15,2026-08-23,Sunday,True,2,2,False,2026-08-23 15:00 BST,2026-08-23 19:30 IST,Sun 23 Aug 2026 15:00 UK (Parallel 2) | 19:30 IST
16,2026-08-24,Monday,False,1,3,False,2026-08-24 20:00 BST,2026-08-25 00:30 IST,Mon 24 Aug 2026 20:00 UK (Parallel 1) | 00:30 IST
17,2026-08-25,Tuesday,False,1,3,False,2026-08-25 20:00 BST,2026-08-26 00:30 IST,Tue 25 Aug 2026 20:00 UK (Parallel 1) | 00:30 IST
18,2026-08-26,Wednesday,False,1,3,False,2026-08-26 20:00 BST,2026-08-27 00:30 IST,Wed 26 Aug 2026 20:00 UK (Parallel 1) | 00:30 IST
19,2026-08-26,Wednesday,False,2,3,False,2026-08-26 20:00 BST,2026-08-27 00:30 IST,Wed 26 Aug 2026 20:00 UK (Parallel 2) | 00:30 IST
20,2026-08-27,Thursday,False,1,3,False,2026-08-27 20:00 BST,2026-08-28 00:30 IST,Thu 27 Aug 2026 20:00 UK (Parallel 1) | 00:30 IST
21,2026-08-28,Friday,False,1,3,False,2026-08-28 20:00 BST,2026-08-29 00:30 IST,Fri 28 Aug 2026 20:00 UK (Parallel 1) | 00:30 IST
22,2026-08-28,Friday,False,2,3,False,2026-08-28 20:00 BST,2026-08-29 00:30 IST,Fri 28 Aug 2026 20:00 UK (Parallel 2) | 00:30 IST
23,2026-08-29,Saturday,True,1,3,False,2026-08-29 15:00 BST,2026-08-29 19:30 IST,Sat 29 Aug 2026 15:00 UK (Parallel 1) | 19:30 IST
24,2026-08-29,Saturday,True,2,3,False,2026-08-29 15:00 BST,2026-08-29 19:30 IST,Sat 29 Aug 2026 15:00 UK (Parallel 2) | 19:30 IST
25,2026-08-30,Sunday,True,1,3,False,2026-08-30 15:00 BST,2026-08-30 19:30 IST,Sun 30 Aug 2026 15:00 UK (Parallel 1) | 19:30 IST
26,2026-08-30,Sunday,True,2,3,False,2026-08-30 15:00 BST,2026-08-30 19:30 IST,Sun 30 Aug 2026 15:00 UK (Parallel 2) | 19:30 IST
27,2026-08-31,Monday,False,1,4,False,2026-08-31 20:00 BST,2026-09-01 00:30 IST,Mon 31 Aug 2026 20:00 UK (Parallel 1) | 00:30 IST
28,2026-09-01,Tuesday,False,1,4,False,2026-09-01 20:00 BST,2026-09-02 00:30 IST,Tue 01 Sep 2026 20:00 UK (Parallel 1) | 00:30 IST
29,2026-09-02,Wednesday,False,1,4,False,2026-09-02 20:00 BST,2026-09-03 00:30 IST,Wed 02 Sep 2026 20:00 UK (Parallel 1) | 00:30 IST
30,2026-09-02,Wednesday,False,2,4,False,2026-09-02 20:00 BST,2026-09-03 00:30 IST,Wed 02 Sep 2026 20:00 UK (Parallel 2) | 00:30 IST
31,2026-09-03,Thursday,False,1,4,False,2026-09-03 20:00 BST,2026-09-04 00:30 IST,Thu 03 Sep 2026 20:00 UK (Parallel 1) | 00:30 IST
32,2026-09-04,Friday,False,1,4,False,2026-09-04 20:00 BST,2026-09-05 00:30 IST,Fri 04 Sep 2026 20:00 UK (Parallel 1) | 00:30 IST
33,2026-09-04,Friday,False,2,4,False,2026-09-04 20:00 BST,2026-09-05 00:30 IST,Fri 04 Sep 2026 20:00 UK (Parallel 2) | 00:30 IST
34,2026-09-05,Saturday,True,1,4,False,2026-09-05 15:00 BST,2026-09-05 19:30 IST,Sat 05 Sep 2026 15:00 UK (Parallel 1) | 19:30 IST
35,2026-09-05,Saturday,True,2,4,False,2026-09-05 15:00 BST,2026-09-05 19:30 IST,Sat 05 Sep 2026 15:00 UK (Parallel 2) | 19:30 IST
36,2026-09-06,Sunday,True,1,4,False,2026-09-06 15:00 BST,2026-09-06 19:30 IST,Sun 06 Sep 2026 15:00 UK (Parallel 1) | 19:30 IST
37,2026-09-06,Sunday,True,2,4,False,2026-09-06 15:00 BST,2026-09-06 19:30 IST,Sun 06 Sep 2026 15:00 UK (Parallel 2) | 19:30 IST
38,2026-09-07,Monday,False,1,5,False,2026-09-07 20:00 BST,2026-09-08 00:30 IST,Mon 07 Sep 2026 20:00 UK (Parallel 1) | 00:30 IST
39,2026-09-08,Tuesday,False,1,5,False,2026-09-08 20:00 BST,2026-09-09 00:30 IST,Tue 08 Sep 2026 20:00 UK (Parallel 1) | 00:30 IST
40,2026-09-09,Wednesday,False,1,5,False,2026-09-09 20:00 BST,2026-09-10 00:30 IST,Wed 09 Sep 2026 20:00 UK (Parallel 1) | 00:30 IST
41,2026-09-09,Wednesday,False,2,5,False,2026-09-09 20:00 BST,2026-09-10 00:30 IST,Wed 09 Sep 2026 20:00 UK (Parallel 2) | 00:30 IST
42,2026-09-10,Thursday,False,1,5,False,2026-09-10 20:00 BST,2026-09-11 00:30 IST,Thu 10 Sep 2026 20:00 UK (Parallel 1) | 00:30 IST
43,2026-09-11,Friday,False,1,5,False,2026-09-11 20:00 BST,2026-09-12 00:30 IST,Fri 11 Sep 2026 20:00 UK (Parallel 1) | 00:30 IST
44,2026-09-11,Friday,False,2,5,False,2026-09-11 20:00 BST,2026-09-12 00:30 IST,Fri 11 Sep 2026 20:00 UK (Parallel 2) | 00:30 IST
45,2026-09-12,Saturday,True,1,5,False,2026-09-12 15:00 BST,2026-09-12 19:30 IST,Sat 12 Sep 2026 15:00 UK (Parallel 1) | 19:30 IST
46,2026-09-12,Saturday,True,2,5,False,2026-09-12 15:00 BST,2026-09-12 19:30 IST,Sat 12 Sep 2026 15:00 UK (Parallel 2) | 19:30 IST
47,2026-09-13,Sunday,True,1,5,False,2026-09-13 15:00 BST,2026-09-13 19:30 IST,Sun 13 Sep 2026 15:00 UK (Parallel 1) | 19:30 IST
48,2026-09-13,Sunday,True,2,5,False,2026-09-13 15:00 BST,2026-09-13 19:30 IST,Sun 13 Sep 2026 15:00 UK (Parallel 2) | 19:30 IST
49,2026-09-21,Monday,False,1,7,False,2026-09-21 20:00 BST,2026-09-22 00:30 IST,Mon 21 Sep 2026 20:00 UK (Parallel 1) | 00:30 IST
50,2026-09-22,Tuesday,False,1,7,False,2026-09-22 20:00 BST,2026-09-23 00:30 IST,Tue 22 Sep 2026 20:00 UK (Parallel 1) | 00:30 IST
51,2026-09-23,Wednesday,False,1,7,False,2026-09-23 20:00 BST,2026-09-24 00:30 IST,Wed 23 Sep 2026 20:00 UK (Parallel 1) | 00:30 IST
52,2026-09-23,Wednesday,False,2,7,False,2026-09-23 20:00 BST,2026-09-24 00:30 IST,Wed 23 Sep 2026 20:00 UK (Parallel 2) | 00:30 IST
53,2026-09-24,Thursday,False,1,7,False,2026-09-24 20:00 BST,2026-09-25 00:30 IST,Thu 24 Sep 2026 20:00 UK (Parallel 1) | 00:30 IST
54,2026-09-25,Friday,False,1,7,False,2026-09-25 20:00 BST,2026-09-26 00:30 IST,Fri 25 Sep 2026 20:00 UK (Parallel 1) | 00:30 IST
55,2026-09-25,Friday,False,2,7,False,2026-09-25 20:00 BST,2026-09-26 00:30 IST,Fri 25 Sep 2026 20:00 UK (Parallel 2) | 00:30 IST
56,2026-09-26,Saturday,True,1,7,False,2026-09-26 15:00 BST,2026-09-26 19:30 IST,Sat 26 Sep 2026 15:00 UK (Parallel 1) | 19:30 IST
57,2026-09-26,Saturday,True,2,7,False,2026-09-26 15:00 BST,2026-09-26 19:30 IST,Sat 26 Sep 2026 15:00 UK (Parallel 2) | 19:30 IST
58,2026-09-27,Sunday,True,1,7,False,2026-09-27 15:00 BST,2026-09-27 19:30 IST,Sun 27 Sep 2026 15:00 UK (Parallel 1) | 19:30 IST
59,2026-09-27,Sunday,True,2,7,False,2026-09-27 15:00 BST,2026-09-27 19:30 IST,Sun 27 Sep 2026 15:00 UK (Parallel 2) | 19:30 IST
60,2026-09-28,Monday,False,1,8,False,2026-09-28 20:00 BST,2026-09-29 00:30 IST,Mon 28 Sep 2026 20:00 UK (Parallel 1) | 00:30 IST
61,2026-09-29,Tuesday,False,1,8,False,2026-09-29 20:00 BST,2026-09-30 00:30 IST,Tue 29 Sep 2026 20:00 UK (Parallel 1) | 00:30 IST
62,2026-09-30,Wednesday,False,1,8,False,2026-09-30 20:00 BST,2026-10-01 00:30 IST,Wed 30 Sep 2026 20:00 UK (Parallel 1) | 00:30 IST
63,2026-09-30,Wednesday,False,2,8,False,2026-09-30 20:00 BST,2026-10-01 00:30 IST,Wed 30 Sep 2026 20:00 UK (Parallel 2) | 00:30 IST
64,2026-10-01,Thursday,False,1,8,False,2026-10-01 20:00 BST,2026-10-02 00:30 IST,Thu 01 Oct 2026 20:00 UK (Parallel 1) | 00:30 IST
65,2026-10-02,Friday,False,1,8,False,2026-10-02 20:00 BST,2026-10-03 00:30 IST,Fri 02 Oct 2026 20:00 UK (Parallel 1) | 00:30 IST
66,2026-10-02,Friday,False,2,8,False,2026-10-02 20:00 BST,2026-10-03 00:30 IST,Fri 02 Oct 2026 20:00 UK (Parallel 2) | 00:30 IST
67,2026-10-03,Saturday,True,1,8,False,2026-10-03 15:00 BST,2026-10-03 19:30 IST,Sat 03 Oct 2026 15:00 UK (Parallel 1) | 19:30 IST
68,2026-10-03,Saturday,True,2,8,False,2026-10-03 15:00 BST,2026-10-03 19:30 IST,Sat 03 Oct 2026 15:00 UK (Parallel 2) | 19:30 IST
69,2026-10-04,Sunday,True,1,8,False,2026-10-04 15:00 BST,2026-10-04 19:30 IST,Sun 04 Oct 2026 15:00 UK (Parallel 1) | 19:30 IST
70,2026-10-04,Sunday,True,2,8,False,2026-10-04 15:00 BST,2026-10-04 19:30 IST,Sun 04 Oct 2026 15:00 UK (Parallel 2) | 19:30 IST
71,2026-10-05,Monday,False,1,9,False,2026-10-05 20:00 BST,2026-10-06 00:30 IST,Mon 05 Oct 2026 20:00 UK (Parallel 1) | 00:30 IST
72,2026-10-06,Tuesday,False,1,9,False,2026-10-06 20:00 BST,2026-10-07 00:30 IST,Tue 06 Oct 2026 20:00 UK (Parallel 1) | 00:30 IST
73,2026-10-07,Wednesday,False,1,9,False,2026-10-07 20:00 BST,2026-10-08 00:30 IST,Wed 07 Oct 2026 20:00 UK (Parallel 1) | 00:30 IST
74,2026-10-07,Wednesday,False,2,9,False,2026-10-07 20:00 BST,2026-10-08 00:30 IST,Wed 07 Oct 2026 20:00 UK (Parallel 2) | 00:30 IST
75,2026-10-08,Thursday,False,1,9,False,2026-10-08 20:00 BST,2026-10-09 00:30 IST,Thu 08 Oct 2026 20:00 UK (Parallel 1) | 00:30 IST
76,2026-10-09,Friday,False,1,9,False,2026-10-09 20:00 BST,2026-10-10 00:30 IST,Fri 09 Oct 2026 20:00 UK (Parallel 1) | 00:30 IST
77,2026-10-09,Friday,False,2,9,False,2026-10-09 20:00 BST,2026-10-10 00:30 IST,Fri 09 Oct 2026 20:00 UK (Parallel 2) | 00:30 IST
78,2026-10-10,Saturday,True,1,9,False,2026-10-10 15:00 BST,2026-10-10 19:30 IST,Sat 10 Oct 2026 15:00 UK (Parallel 1) | 19:30 IST
79,2026-10-10,Saturday,True,2,9,False,2026-10-10 15:00 BST,2026-10-10 19:30 IST,Sat 10 Oct 2026 15:00 UK (Parallel 2) | 19:30 IST
80,2026-10-11,Sunday,True,1,9,False,2026-10-11 15:00 BST,2026-10-11 19:30 IST,Sun 11 Oct 2026 15:00 UK (Parallel 1) | 19:30 IST
81,2026-10-11,Sunday,True,2,9,False,2026-10-11 15:00 BST,2026-10-11 19:30 IST,Sun 11 Oct 2026 15:00 UK (Parallel 2) | 19:30 IST
82,2026-10-19,Monday,False,1,11,False,2026-10-19 20:00 BST,2026-10-20 00:30 IST,Mon 19 Oct 2026 20:00 UK (Parallel 1) | 00:30 IST
83,2026-10-20,Tuesday,False,1,11,False,2026-10-20 20:00 BST,2026-10-21 00:30 IST,Tue 20 Oct 2026 20:00 UK (Parallel 1) | 00:30 IST
84,2026-10-21,Wednesday,False,1,11,False,2026-10-21 20:00 BST,2026-10-22 00:30 IST,Wed 21 Oct 2026 20:00 UK (Parallel 1) | 00:30 IST
85,2026-10-21,Wednesday,False,2,11,False,2026-10-21 20:00 BST,2026-10-22 00:30 IST,Wed 21 Oct 2026 20:00 UK (Parallel 2) | 00:30 IST
86,2026-10-22,Thursday,False,1,11,False,2026-10-22 20:00 BST,2026-10-23 00:30 IST,Thu 22 Oct 2026 20:00 UK (Parallel 1) | 00:30 IST
87,2026-10-23,Friday,False,1,11,False,2026-10-23 20:00 BST,2026-10-24 00:30 IST,Fri 23 Oct 2026 20:00 UK (Parallel 1) | 00:30 IST
88,2026-10-23,Friday,False,2,11,False,2026-10-23 20:00 BST,2026-10-24 00:30 IST,Fri 23 Oct 2026 20:00 UK (Parallel 2) | 00:30 IST
89,2026-10-24,Saturday,True,1,11,False,2026-10-24 15:00 BST,2026-10-24 19:30 IST,Sat 24 Oct 2026 15:00 UK (Parallel 1) | 19:30 IST
90,2026-10-24,Saturday,True,2,11,False,2026-10-24 15:00 BST,2026-10-24 19:30 IST,Sat 24 Oct 2026 15:00 UK (Parallel 2) | 19:30 IST
91,2026-10-25,Sunday,True,1,11,False,2026-10-25 15:00 GMT,2026-10-25 20:30 IST,Sun 25 Oct 2026 15:00 UK (Parallel 1) | 20:30 IST
92,2026-10-25,Sunday,True,2,11,False,2026-10-25 15:00 GMT,2026-10-25 20:30 IST,Sun 25 Oct 2026 15:00 UK (Parallel 2) | 20:30 IST
93,2026-10-26,Monday,False,1,12,False,2026-10-26 20:00 GMT,2026-10-27 01:30 IST,Mon 26 Oct 2026 20:00 UK (Parallel 1) | 01:30 IST
94,2026-10-27,Tuesday,False,1,12,False,2026-10-27 20:00 GMT,2026-10-28 01:30 IST,Tue 27 Oct 2026 20:00 UK (Parallel 1) | 01:30 IST
95,2026-10-28,Wednesday,False,1,12,False,2026-10-28 20:00 GMT,2026-10-29 01:30 IST,Wed 28 Oct 2026 20:00 UK (Parallel 1) | 01:30 IST
96,2026-10-28,Wednesday,False,2,12,False,2026-10-28 20:00 GMT,2026-10-29 01:30 IST,Wed 28 Oct 2026 20:00 UK (Parallel 2) | 01:30 IST
97,2026-10-29,Thursday,False,1,12,False,2026-10-29 20:00 GMT,2026-10-30 01:30 IST,Thu 29 Oct 2026 20:00 UK (Parallel 1) | 01:30 IST
98,2026-10-30,Friday,False,1,12,False,2026-10-30 20:00 GMT,2026-10-31 01:30 IST,Fri 30 Oct 2026 20:00 UK (Parallel 1) | 01:30 IST
99,2026-10-30,Friday,False,2,12,False,2026-10-30 20:00 GMT,2026-10-31 01:30 IST,Fri 30 Oct 2026 20:00 UK (Parallel 2) | 01:30 IST
100,2026-10-31,Saturday,True,1,12,False,2026-10-31 15:00 GMT,2026-10-31 20:30 IST,Sat 31 Oct 2026 15:00 UK (Parallel 1) | 20:30 IST
101,2026-10-31,Saturday,True,2,12,False,2026-10-31 15:00 GMT,2026-10-31 20:30 IST,Sat 31 Oct 2026 15:00 UK (Parallel 2) | 20:30 IST
102,2026-11-01,Sunday,True,1,12,False,2026-11-01 15:00 GMT,2026-11-01 20:30 IST,Sun 01 Nov 2026 15:00 UK (Parallel 1) | 20:30 IST
103,2026-11-01,Sunday,True,2,12,False,2026-11-01 15:00 GMT,2026-11-01 20:30 IST,Sun 01 Nov 2026 15:00 UK (Parallel 2) | 20:30 IST
104,2026-11-02,Monday,False,1,13,False,2026-11-02 20:00 GMT,2026-11-03 01:30 IST,Mon 02 Nov 2026 20:00 UK (Parallel 1) | 01:30 IST
105,2026-11-03,Tuesday,False,1,13,False,2026-11-03 20:00 GMT,2026-11-04 01:30 IST,Tue 03 Nov 2026 20:00 UK (Parallel 1) | 01:30 IST
106,2026-11-04,Wednesday,False,1,13,False,2026-11-04 20:00 GMT,2026-11-05 01:30 IST,Wed 04 Nov 2026 20:00 UK (Parallel 1) | 01:30 IST
107,2026-11-04,Wednesday,False,2,13,False,2026-11-04 20:00 GMT,2026-11-05 01:30 IST,Wed 04 Nov 2026 20:00 UK (Parallel 2) | 01:30 IST
108,2026-11-05,Thursday,False,1,13,False,2026-11-05 20:00 GMT,2026-11-06 01:30 IST,Thu 05 Nov 2026 20:00 UK (Parallel 1) | 01:30 IST
109,2026-11-06,Friday,False,1,13,False,2026-11-06 20:00 GMT,2026-11-07 01:30 IST,Fri 06 Nov 2026 20:00 UK (Parallel 1) | 01:30 IST
110,2026-11-06,Friday,False,2,13,False,2026-11-06 20:00 GMT,2026-11-07 01:30 IST,Fri 06 Nov 2026 20:00 UK (Parallel 2) | 01:30 IST
111,2026-11-07,Saturday,True,1,13,False,2026-11-07 15:00 GMT,2026-11-07 20:30 IST,Sat 07 Nov 2026 15:00 UK (Parallel 1) | 20:30 IST
112,2026-11-07,Saturday,True,2,13,False,2026-11-07 15:00 GMT,2026-11-07 20:30 IST,Sat 07 Nov 2026 15:00 UK (Parallel 2) | 20:30 IST
113,2026-11-08,Sunday,True,1,13,False,2026-11-08 15:00 GMT,2026-11-08 20:30 IST,Sun 08 Nov 2026 15:00 UK (Parallel 1) | 20:30 IST
114,2026-11-08,Sunday,True,2,13,False,2026-11-08 15:00 GMT,2026-11-08 20:30 IST,Sun 08 Nov 2026 15:00 UK (Parallel 2) | 20:30 IST
115,2026-11-16,Monday,False,1,15,False,2026-11-16 20:00 GMT,2026-11-17 01:30 IST,Mon 16 Nov 2026 20:00 UK (Parallel 1) | 01:30 IST
116,2026-11-17,Tuesday,False,1,15,False,2026-11-17 20:00 GMT,2026-11-18 01:30 IST,Tue 17 Nov 2026 20:00 UK (Parallel 1) | 01:30 IST
117,2026-11-18,Wednesday,False,1,15,False,2026-11-18 20:00 GMT,2026-11-19 01:30 IST,Wed 18 Nov 2026 20:00 UK (Parallel 1) | 01:30 IST
118,2026-11-18,Wednesday,False,2,15,False,2026-11-18 20:00 GMT,2026-11-19 01:30 IST,Wed 18 Nov 2026 20:00 UK (Parallel 2) | 01:30 IST
119,2026-11-19,Thursday,False,1,15,False,2026-11-19 20:00 GMT,2026-11-20 01:30 IST,Thu 19 Nov 2026 20:00 UK (Parallel 1) | 01:30 IST
120,2026-11-20,Friday,False,1,15,False,2026-11-20 20:00 GMT,2026-11-21 01:30 IST,Fri 20 Nov 2026 20:00 UK (Parallel 1) | 01:30 IST
121,2026-11-20,Friday,False,2,15,False,2026-11-20 20:00 GMT,2026-11-21 01:30 IST,Fri 20 Nov 2026 20:00 UK (Parallel 2) | 01:30 IST
122,2026-11-21,Saturday,True,1,15,False,2026-11-21 15:00 GMT,2026-11-21 20:30 IST,Sat 21 Nov 2026 15:00 UK (Parallel 1) | 20:30 IST
123,2026-11-21,Saturday,True,2,15,False,2026-11-21 15:00 GMT,2026-11-21 20:30 IST,Sat 21 Nov 2026 15:00 UK (Parallel 2) | 20:30 IST
124,2026-11-22,Sunday,True,1,15,False,2026-11-22 15:00 GMT,2026-11-22 20:30 IST,Sun 22 Nov 2026 15:00 UK (Parallel 1) | 20:30 IST
125,2026-11-22,Sunday,True,2,15,False,2026-11-22 15:00 GMT,2026-11-22 20:30 IST,Sun 22 Nov 2026 15:00 UK (Parallel 2) | 20:30 IST
126,2026-11-23,Monday,False,1,16,False,2026-11-23 20:00 GMT,2026-11-24 01:30 IST,Mon 23 Nov 2026 20:00 UK (Parallel 1) | 01:30 IST
127,2026-11-24,Tuesday,False,1,16,False,2026-11-24 20:00 GMT,2026-11-25 01:30 IST,Tue 24 Nov 2026 20:00 UK (Parallel 1) | 01:30 IST
128,2026-11-25,Wednesday,False,1,16,False,2026-11-25 20:00 GMT,2026-11-26 01:30 IST,Wed 25 Nov 2026 20:00 UK (Parallel 1) | 01:30 IST
129,2026-11-25,Wednesday,False,2,16,False,2026-11-25 20:00 GMT,2026-11-26 01:30 IST,Wed 25 Nov 2026 20:00 UK (Parallel 2) | 01:30 IST
130,2026-11-26,Thursday,False,1,16,False,2026-11-26 20:00 GMT,2026-11-27 01:30 IST,Thu 26 Nov 2026 20:00 UK (Parallel 1) | 01:30 IST
131,2026-11-27,Friday,False,1,16,False,2026-11-27 20:00 GMT,2026-11-28 01:30 IST,Fri 27 Nov 2026 20:00 UK (Parallel 1) | 01:30 IST
132,2026-11-27,Friday,False,2,16,False,2026-11-27 20:00 GMT,2026-11-28 01:30 IST,Fri 27 Nov 2026 20:00 UK (Parallel 2) | 01:30 IST
133,2026-11-28,Saturday,True,1,16,False,2026-11-28 15:00 GMT,2026-11-28 20:30 IST,Sat 28 Nov 2026 15:00 UK (Parallel 1) | 20:30 IST
134,2026-11-28,Saturday,True,2,16,False,2026-11-28 15:00 GMT,2026-11-28 20:30 IST,Sat 28 Nov 2026 15:00 UK (Parallel 2) | 20:30 IST
135,2026-11-29,Sunday,True,1,16,False,2026-11-29 15:00 GMT,2026-11-29 20:30 IST,Sun 29 Nov 2026 15:00 UK (Parallel 1) | 20:30 IST
136,2026-11-29,Sunday,True,2,16,False,2026-11-29 15:00 GMT,2026-11-29 20:30 IST,Sun 29 Nov 2026 15:00 UK (Parallel 2) | 20:30 IST
137,2026-11-30,Monday,False,1,17,False,2026-11-30 20:00 GMT,2026-12-01 01:30 IST,Mon 30 Nov 2026 20:00 UK (Parallel 1) | 01:30 IST
138,2026-12-01,Tuesday,False,1,17,False,2026-12-01 20:00 GMT,2026-12-02 01:30 IST,Tue 01 Dec 2026 20:00 UK (Parallel 1) | 01:30 IST
139,2026-12-02,Wednesday,False,1,17,False,2026-12-02 20:00 GMT,2026-12-03 01:30 IST,Wed 02 Dec 2026 20:00 UK (Parallel 1) | 01:30 IST
140,2026-12-02,Wednesday,False,2,17,False,2026-12-02 20:00 GMT,2026-12-03 01:30 IST,Wed 02 Dec 2026 20:00 UK (Parallel 2) | 01:30 IST
141,2026-12-03,Thursday,False,1,17,False,2026-12-03 20:00 GMT,2026-12-04 01:30 IST,Thu 03 Dec 2026 20:00 UK (Parallel 1) | 01:30 IST
142,2026-12-04,Friday,False,1,17,False,2026-12-04 20:00 GMT,2026-12-05 01:30 IST,Fri 04 Dec 2026 20:00 UK (Parallel 1) | 01:30 IST
143,2026-12-04,Friday,False,2,17,False,2026-12-04 20:00 GMT,2026-12-05 01:30 IST,Fri 04 Dec 2026 20:00 UK (Parallel 2) | 01:30 IST
144,2026-12-05,Saturday,True,1,17,False,2026-12-05 15:00 GMT,2026-12-05 20:30 IST,Sat 05 Dec 2026 15:00 UK (Parallel 1) | 20:30 IST
145,2026-12-05,Saturday,True,2,17,False,2026-12-05 15:00 GMT,2026-12-05 20:30 IST,Sat 05 Dec 2026 15:00 UK (Parallel 2) | 20:30 IST
146,2026-12-06,Sunday,True,1,17,False,2026-12-06 15:00 GMT,2026-12-06 20:30 IST,Sun 06 Dec 2026 15:00 UK (Parallel 1) | 20:30 IST
147,2026-12-06,Sunday,True,2,17,False,2026-12-06 15:00 GMT,2026-12-06 20:30 IST,Sun 06 Dec 2026 15:00 UK (Parallel 2) | 20:30 IST
148,2026-12-07,Monday,False,1,18,False,2026-12-07 20:00 GMT,2026-12-08 01:30 IST,Mon 07 Dec 2026 20:00 UK (Parallel 1) | 01:30 IST
149,2026-12-08,Tuesday,False,1,18,False,2026-12-08 20:00 GMT,2026-12-09 01:30 IST,Tue 08 Dec 2026 20:00 UK (Parallel 1) | 01:30 IST
150,2026-12-09,Wednesday,False,1,18,False,2026-12-09 20:00 GMT,2026-12-10 01:30 IST,Wed 09 Dec 2026 20:00 UK (Parallel 1) | 01:30 IST
151,2026-12-09,Wednesday,False,2,18,False,2026-12-09 20:00 GMT,2026-12-10 01:30 IST,Wed 09 Dec 2026 20:00 UK (Parallel 2) | 01:30 IST
152,2026-12-10,Thursday,False,1,18,False,2026-12-10 20:00 GMT,2026-12-11 01:30 IST,Thu 10 Dec 2026 20:00 UK (Parallel 1) | 01:30 IST
153,2026-12-11,Friday,False,1,18,False,2026-12-11 20:00 GMT,2026-12-12 01:30 IST,Fri 11 Dec 2026 20:00 UK (Parallel 1) | 01:30 IST
154,2026-12-11,Friday,False,2,18,False,2026-12-11 20:00 GMT,2026-12-12 01:30 IST,Fri 11 Dec 2026 20:00 UK (Parallel 2) | 01:30 IST
155,2026-12-12,Saturday,True,1,18,False,2026-12-12 15:00 GMT,2026-12-12 20:30 IST,Sat 12 Dec 2026 15:00 UK (Parallel 1) | 20:30 IST
156,2026-12-12,Saturday,True,2,18,False,2026-12-12 15:00 GMT,2026-12-12 20:30 IST,Sat 12 Dec 2026 15:00 UK (Parallel 2) | 20:30 IST
157,2026-12-13,Sunday,True,1,18,False,2026-12-13 15:00 GMT,2026-12-13 20:30 IST,Sun 13 Dec 2026 15:00 UK (Parallel 1) | 20:30 IST
158,2026-12-13,Sunday,True,2,18,False,2026-12-13 15:00 GMT,2026-12-13 20:30 IST,Sun 13 Dec 2026 15:00 UK (Parallel 2) | 20:30 IST
159,2026-12-14,Monday,False,1,19,False,2026-12-14 20:00 GMT,2026-12-15 01:30 IST,Mon 14 Dec 2026 20:00 UK (Parallel 1) | 01:30 IST
160,2026-12-15,Tuesday,False,1,19,False,2026-12-15 20:00 GMT,2026-12-16 01:30 IST,Tue 15 Dec 2026 20:00 UK (Parallel 1) | 01:30 IST
161,2026-12-16,Wednesday,False,1,19,False,2026-12-16 20:00 GMT,2026-12-17 01:30 IST,Wed 16 Dec 2026 20:00 UK (Parallel 1) | 01:30 IST
162,2026-12-16,Wednesday,False,2,19,False,2026-12-16 20:00 GMT,2026-12-17 01:30 IST,Wed 16 Dec 2026 20:00 UK (Parallel 2) | 01:30 IST
163,2026-12-17,Thursday,False,1,19,False,2026-12-17 20:00 GMT,2026-12-18 01:30 IST,Thu 17 Dec 2026 20:00 UK (Parallel 1) | 01:30 IST
164,2026-12-18,Friday,False,1,19,False,2026-12-18 20:00 GMT,2026-12-19 01:30 IST,Fri 18 Dec 2026 20:00 UK (Parallel 1) | 01:30 IST
165,2026-12-18,Friday,False,2,19,False,2026-12-18 20:00 GMT,2026-12-19 01:30 IST,Fri 18 Dec 2026 20:00 UK (Parallel 2) | 01:30 IST
166,2026-12-19,Saturday,True,1,19,False,2026-12-19 15:00 GMT,2026-12-19 20:30 IST,Sat 19 Dec 2026 15:00 UK (Parallel 1) | 20:30 IST
167,2026-12-19,Saturday,True,2,19,False,2026-12-19 15:00 GMT,2026-12-19 20:30 IST,Sat 19 Dec 2026 15:00 UK (Parallel 2) | 20:30 IST
168,2026-12-20,Sunday,True,1,19,False,2026-12-20 15:00 GMT,2026-12-20 20:30 IST,Sun 20 Dec 2026 15:00 UK (Parallel 1) | 20:30 IST
169,2026-12-20,Sunday,True,2,19,False,2026-12-20 15:00 GMT,2026-12-20 20:30 IST,Sun 20 Dec 2026 15:00 UK (Parallel 2) | 20:30 IST
170,2026-12-21,Monday,False,1,20,False,2026-12-21 20:00 GMT,2026-12-22 01:30 IST,Mon 21 Dec 2026 20:00 UK (Parallel 1) | 01:30 IST
171,2026-12-22,Tuesday,False,1,20,False,2026-12-22 20:00 GMT,2026-12-23 01:30 IST,Tue 22 Dec 2026 20:00 UK (Parallel 1) | 01:30 IST
172,2026-12-23,Wednesday,False,1,20,False,2026-12-23 20:00 GMT,2026-12-24 01:30 IST,Wed 23 Dec 2026 20:00 UK (Parallel 1) | 01:30 IST
173,2026-12-23,Wednesday,False,2,20,False,2026-12-23 20:00 GMT,2026-12-24 01:30 IST,Wed 23 Dec 2026 20:00 UK (Parallel 2) | 01:30 IST
174,2026-12-24,Thursday,False,1,20,False,2026-12-24 20:00 GMT,2026-12-25 01:30 IST,Thu 24 Dec 2026 20:00 UK (Parallel 1) | 01:30 IST
175,2026-12-26,Saturday,True,1,20,False,2026-12-26 15:00 GMT,2026-12-26 20:30 IST,Sat 26 Dec 2026 15:00 UK (Parallel 1) | 20:30 IST
176,2026-12-26,Saturday,True,2,20,False,2026-12-26 15:00 GMT,2026-12-26 20:30 IST,Sat 26 Dec 2026 15:00 UK (Parallel 2) | 20:30 IST
177,2026-12-27,Sunday,True,1,20,False,2026-12-27 15:00 GMT,2026-12-27 20:30 IST,Sun 27 Dec 2026 15:00 UK (Parallel 1) | 20:30 IST
178,2026-12-27,Sunday,True,2,20,False,2026-12-27 15:00 GMT,2026-12-27 20:30 IST,Sun 27 Dec 2026 15:00 UK (Parallel 2) | 20:30 IST
179,2026-12-28,Monday,False,1,21,False,2026-12-28 20:00 GMT,2026-12-29 01:30 IST,Mon 28 Dec 2026 20:00 UK (Parallel 1) | 01:30 IST
180,2026-12-29,Tuesday,False,1,21,False,2026-12-29 20:00 GMT,2026-12-30 01:30 IST,Tue 29 Dec 2026 20:00 UK (Parallel 1) | 01:30 IST
181,2026-12-30,Wednesday,False,1,21,False,2026-12-30 20:00 GMT,2026-12-31 01:30 IST,Wed 30 Dec 2026 20:00 UK (Parallel 1) | 01:30 IST
182,2026-12-30,Wednesday,False,2,21,False,2026-12-30 20:00 GMT,2026-12-31 01:30 IST,Wed 30 Dec 2026 20:00 UK (Parallel 2) | 01:30 IST
183,2026-12-31,Thursday,False,1,21,False,2026-12-31 20:00 GMT,2027-01-01 01:30 IST,Thu 31 Dec 2026 20:00 UK (Parallel 1) | 01:30 IST
184,2027-01-02,Saturday,True,1,21,False,2027-01-02 15:00 GMT,2027-01-02 20:30 IST,Sat 02 Jan 2027 15:00 UK (Parallel 1) | 20:30 IST
185,2027-01-02,Saturday,True,2,21,False,2027-01-02 15:00 GMT,2027-01-02 20:30 IST,Sat 02 Jan 2027 15:00 UK (Parallel 2) | 20:30 IST
186,2027-01-03,Sunday,True,1,21,False,2027-01-03 15:00 GMT,2027-01-03 20:30 IST,Sun 03 Jan 2027 15:00 UK (Parallel 1) | 20:30 IST
187,2027-01-03,Sunday,True,2,21,False,2027-01-03 15:00 GMT,2027-01-03 20:30 IST,Sun 03 Jan 2027 15:00 UK (Parallel 2) | 20:30 IST
188,2027-01-04,Monday,False,1,22,False,2027-01-04 20:00 GMT,2027-01-05 01:30 IST,Mon 04 Jan 2027 20:00 UK (Parallel 1) | 01:30 IST
189,2027-01-05,Tuesday,False,1,22,False,2027-01-05 20:00 GMT,2027-01-06 01:30 IST,Tue 05 Jan 2027 20:00 UK (Parallel 1) | 01:30 IST
190,2027-01-06,Wednesday,False,1,22,False,2027-01-06 20:00 GMT,2027-01-07 01:30 IST,Wed 06 Jan 2027 20:00 UK (Parallel 1) | 01:30 IST
191,2027-01-06,Wednesday,False,2,22,False,2027-01-06 20:00 GMT,2027-01-07 01:30 IST,Wed 06 Jan 2027 20:00 UK (Parallel 2) | 01:30 IST
192,2027-01-07,Thursday,False,1,22,False,2027-01-07 20:00 GMT,2027-01-08 01:30 IST,Thu 07 Jan 2027 20:00 UK (Parallel 1) | 01:30 IST
193,2027-01-08,Friday,False,1,22,False,2027-01-08 20:00 GMT,2027-01-09 01:30 IST,Fri 08 Jan 2027 20:00 UK (Parallel 1) | 01:30 IST
194,2027-01-08,Friday,False,2,22,False,2027-01-08 20:00 GMT,2027-01-09 01:30 IST,Fri 08 Jan 2027 20:00 UK (Parallel 2) | 01:30 IST
195,2027-01-09,Saturday,True,1,22,False,2027-01-09 15:00 GMT,2027-01-09 20:30 IST,Sat 09 Jan 2027 15:00 UK (Parallel 1) | 20:30 IST
196,2027-01-09,Saturday,True,2,22,False,2027-01-09 15:00 GMT,2027-01-09 20:30 IST,Sat 09 Jan 2027 15:00 UK (Parallel 2) | 20:30 IST
197,2027-01-10,Sunday,True,1,22,False,2027-01-10 15:00 GMT,2027-01-10 20:30 IST,Sun 10 Jan 2027 15:00 UK (Parallel 1) | 20:30 IST
198,2027-01-10,Sunday,True,2,22,False,2027-01-10 15:00 GMT,2027-01-10 20:30 IST,Sun 10 Jan 2027 15:00 UK (Parallel 2) | 20:30 IST
199,2027-01-11,Monday,False,1,23,False,2027-01-11 20:00 GMT,2027-01-12 01:30 IST,Mon 11 Jan 2027 20:00 UK (Parallel 1) | 01:30 IST
200,2027-01-12,Tuesday,False,1,23,False,2027-01-12 20:00 GMT,2027-01-13 01:30 IST,Tue 12 Jan 2027 20:00 UK (Parallel 1) | 01:30 IST
201,2027-01-13,Wednesday,False,1,23,False,2027-01-13 20:00 GMT,2027-01-14 01:30 IST,Wed 13 Jan 2027 20:00 UK (Parallel 1) | 01:30 IST
202,2027-01-13,Wednesday,False,2,23,False,2027-01-13 20:00 GMT,2027-01-14 01:30 IST,Wed 13 Jan 2027 20:00 UK (Parallel 2) | 01:30 IST
203,2027-01-14,Thursday,False,1,23,False,2027-01-14 20:00 GMT,2027-01-15 01:30 IST,Thu 14 Jan 2027 20:00 UK (Parallel 1) | 01:30 IST
204,2027-01-15,Friday,False,1,23,False,2027-01-15 20:00 GMT,2027-01-16 01:30 IST,Fri 15 Jan 2027 20:00 UK (Parallel 1) | 01:30 IST
205,2027-01-15,Friday,False,2,23,False,2027-01-15 20:00 GMT,2027-01-16 01:30 IST,Fri 15 Jan 2027 20:00 UK (Parallel 2) | 01:30 IST
206,2027-01-16,Saturday,True,1,23,False,2027-01-16 15:00 GMT,2027-01-16 20:30 IST,Sat 16 Jan 2027 15:00 UK (Parallel 1) | 20:30 IST
207,2027-01-16,Saturday,True,2,23,False,2027-01-16 15:00 GMT,2027-01-16 20:30 IST,Sat 16 Jan 2027 15:00 UK (Parallel 2) | 20:30 IST
208,2027-01-17,Sunday,True,1,23,False,2027-01-17 15:00 GMT,2027-01-17 20:30 IST,Sun 17 Jan 2027 15:00 UK (Parallel 1) | 20:30 IST
209,2027-01-17,Sunday,True,2,23,False,2027-01-17 15:00 GMT,2027-01-17 20:30 IST,Sun 17 Jan 2027 15:00 UK (Parallel 2) | 20:30 IST
210,2027-01-18,Monday,False,1,24,False,2027-01-18 20:00 GMT,2027-01-19 01:30 IST,Mon 18 Jan 2027 20:00 UK (Parallel 1) | 01:30 IST
211,2027-01-19,Tuesday,False,1,24,False,2027-01-19 20:00 GMT,2027-01-20 01:30 IST,Tue 19 Jan 2027 20:00 UK (Parallel 1) | 01:30 IST
212,2027-01-20,Wednesday,False,1,24,False,2027-01-20 20:00 GMT,2027-01-21 01:30 IST,Wed 20 Jan 2027 20:00 UK (Parallel 1) | 01:30 IST
213,2027-01-20,Wednesday,False,2,24,False,2027-01-20 20:00 GMT,2027-01-21 01:30 IST,Wed 20 Jan 2027 20:00 UK (Parallel 2) | 01:30 IST
214,2027-01-21,Thursday,False,1,24,False,2027-01-21 20:00 GMT,2027-01-22 01:30 IST,Thu 21 Jan 2027 20:00 UK (Parallel 1) | 01:30 IST
215,2027-01-22,Friday,False,1,24,False,2027-01-22 20:00 GMT,2027-01-23 01:30 IST,Fri 22 Jan 2027 20:00 UK (Parallel 1) | 01:30 IST
216,2027-01-22,Friday,False,2,24,False,2027-01-22 20:00 GMT,2027-01-23 01:30 IST,Fri 22 Jan 2027 20:00 UK (Parallel 2) | 01:30 IST
217,2027-01-23,Saturday,True,1,24,False,2027-01-23 15:00 GMT,2027-01-23 20:30 IST,Sat 23 Jan 2027 15:00 UK (Parallel 1) | 20:30 IST
218,2027-01-23,Saturday,True,2,24,False,2027-01-23 15:00 GMT,2027-01-23 20:30 IST,Sat 23 Jan 2027 15:00 UK (Parallel 2) | 20:30 IST
219,2027-01-24,Sunday,True,1,24,False,2027-01-24 15:00 GMT,2027-01-24 20:30 IST,Sun 24 Jan 2027 15:00 UK (Parallel 1) | 20:30 IST
220,2027-01-24,Sunday,True,2,24,False,2027-01-24 15:00 GMT,2027-01-24 20:30 IST,Sun 24 Jan 2027 15:00 UK (Parallel 2) | 20:30 IST
221,2027-01-25,Monday,False,1,25,False,2027-01-25 20:00 GMT,2027-01-26 01:30 IST,Mon 25 Jan 2027 20:00 UK (Parallel 1) | 01:30 IST
222,2027-01-26,Tuesday,False,1,25,False,2027-01-26 20:00 GMT,2027-01-27 01:30 IST,Tue 26 Jan 2027 20:00 UK (Parallel 1) | 01:30 IST
223,2027-01-27,Wednesday,False,1,25,False,2027-01-27 20:00 GMT,2027-01-28 01:30 IST,Wed 27 Jan 2027 20:00 UK (Parallel 1) | 01:30 IST
224,2027-01-27,Wednesday,False,2,25,False,2027-01-27 20:00 GMT,2027-01-28 01:30 IST,Wed 27 Jan 2027 20:00 UK (Parallel 2) | 01:30 IST
225,2027-01-28,Thursday,False,1,25,False,2027-01-28 20:00 GMT,2027-01-29 01:30 IST,Thu 28 Jan 2027 20:00 UK (Parallel 1) | 01:30 IST
226,2027-01-29,Friday,False,1,25,False,2027-01-29 20:00 GMT,2027-01-30 01:30 IST,Fri 29 Jan 2027 20:00 UK (Parallel 1) | 01:30 IST
227,2027-01-29,Friday,False,2,25,False,2027-01-29 20:00 GMT,2027-01-30 01:30 IST,Fri 29 Jan 2027 20:00 UK (Parallel 2) | 01:30 IST
228,2027-01-30,Saturday,True,1,25,False,2027-01-30 15:00 GMT,2027-01-30 20:30 IST,Sat 30 Jan 2027 15:00 UK (Parallel 1) | 20:30 IST
229,2027-01-30,Saturday,True,2,25,False,2027-01-30 15:00 GMT,2027-01-30 20:30 IST,Sat 30 Jan 2027 15:00 UK (Parallel 2) | 20:30 IST
230,2027-01-31,Sunday,True,1,25,False,2027-01-31 15:00 GMT,2027-01-31 20:30 IST,Sun 31 Jan 2027 15:00 UK (Parallel 1) | 20:30 IST
231,2027-01-31,Sunday,True,2,25,False,2027-01-31 15:00 GMT,2027-01-31 20:30 IST,Sun 31 Jan 2027 15:00 UK (Parallel 2) | 20:30 IST
232,2027-02-01,Monday,False,1,26,False,2027-02-01 20:00 GMT,2027-02-02 01:30 IST,Mon 01 Feb 2027 20:00 UK (Parallel 1) | 01:30 IST
233,2027-02-02,Tuesday,False,1,26,False,2027-02-02 20:00 GMT,2027-02-03 01:30 IST,Tue 02 Feb 2027 20:00 UK (Parallel 1) | 01:30 IST
234,2027-02-03,Wednesday,False,1,26,False,2027-02-03 20:00 GMT,2027-02-04 01:30 IST,Wed 03 Feb 2027 20:00 UK (Parallel 1) | 01:30 IST
235,2027-02-03,Wednesday,False,2,26,False,2027-02-03 20:00 GMT,2027-02-04 01:30 IST,Wed 03 Feb 2027 20:00 UK (Parallel 2) | 01:30 IST
236,2027-02-04,Thursday,False,1,26,False,2027-02-04 20:00 GMT,2027-02-05 01:30 IST,Thu 04 Feb 2027 20:00 UK (Parallel 1) | 01:30 IST
237,2027-02-05,Friday,False,1,26,False,2027-02-05 20:00 GMT,2027-02-06 01:30 IST,Fri 05 Feb 2027 20:00 UK (Parallel 1) | 01:30 IST
238,2027-02-05,Friday,False,2,26,False,2027-02-05 20:00 GMT,2027-02-06 01:30 IST,Fri 05 Feb 2027 20:00 UK (Parallel 2) | 01:30 IST
239,2027-02-06,Saturday,True,1,26,False,2027-02-06 15:00 GMT,2027-02-06 20:30 IST,Sat 06 Feb 2027 15:00 UK (Parallel 1) | 20:30 IST
240,2027-02-06,Saturday,True,2,26,False,2027-02-06 15:00 GMT,2027-02-06 20:30 IST,Sat 06 Feb 2027 15:00 UK (Parallel 2) | 20:30 IST
241,2027-02-07,Sunday,True,1,26,False,2027-02-07 15:00 GMT,2027-02-07 20:30 IST,Sun 07 Feb 2027 15:00 UK (Parallel 1) | 20:30 IST
242,2027-02-07,Sunday,True,2,26,False,2027-02-07 15:00 GMT,2027-02-07 20:30 IST,Sun 07 Feb 2027 15:00 UK (Parallel 2) | 20:30 IST
243,2027-02-08,Monday,False,1,27,False,2027-02-08 20:00 GMT,2027-02-09 01:30 IST,Mon 08 Feb 2027 20:00 UK (Parallel 1) | 01:30 IST
244,2027-02-09,Tuesday,False,1,27,False,2027-02-09 20:00 GMT,2027-02-10 01:30 IST,Tue 09 Feb 2027 20:00 UK (Parallel 1) | 01:30 IST
245,2027-02-10,Wednesday,False,1,27,False,2027-02-10 20:00 GMT,2027-02-11 01:30 IST,Wed 10 Feb 2027 20:00 UK (Parallel 1) | 01:30 IST
246,2027-02-10,Wednesday,False,2,27,False,2027-02-10 20:00 GMT,2027-02-11 01:30 IST,Wed 10 Feb 2027 20:00 UK (Parallel 2) | 01:30 IST
247,2027-02-11,Thursday,False,1,27,False,2027-02-11 20:00 GMT,2027-02-12 01:30 IST,Thu 11 Feb 2027 20:00 UK (Parallel 1) | 01:30 IST
248,2027-02-12,Friday,False,1,27,False,2027-02-12 20:00 GMT,2027-02-13 01:30 IST,Fri 12 Feb 2027 20:00 UK (Parallel 1) | 01:30 IST
249,2027-02-12,Friday,False,2,27,False,2027-02-12 20:00 GMT,2027-02-13 01:30 IST,Fri 12 Feb 2027 20:00 UK (Parallel 2) | 01:30 IST
250,2027-02-13,Saturday,True,1,27,False,2027-02-13 15:00 GMT,2027-02-13 20:30 IST,Sat 13 Feb 2027 15:00 UK (Parallel 1) | 20:30 IST
251,2027-02-13,Saturday,True,2,27,False,2027-02-13 15:00 GMT,2027-02-13 20:30 IST,Sat 13 Feb 2027 15:00 UK (Parallel 2) | 20:30 IST
252,2027-02-14,Sunday,True,1,27,False,2027-02-14 15:00 GMT,2027-02-14 20:30 IST,Sun 14 Feb 2027 15:00 UK (Parallel 1) | 20:30 IST
253,2027-02-14,Sunday,True,2,27,False,2027-02-14 15:00 GMT,2027-02-14 20:30 IST,Sun 14 Feb 2027 15:00 UK (Parallel 2) | 20:30 IST
254,2027-02-15,Monday,False,1,28,False,2027-02-15 20:00 GMT,2027-02-16 01:30 IST,Mon 15 Feb 2027 20:00 UK (Parallel 1) | 01:30 IST
255,2027-02-16,Tuesday,False,1,28,False,2027-02-16 20:00 GMT,2027-02-17 01:30 IST,Tue 16 Feb 2027 20:00 UK (Parallel 1) | 01:30 IST
256,2027-02-17,Wednesday,False,1,28,False,2027-02-17 20:00 GMT,2027-02-18 01:30 IST,Wed 17 Feb 2027 20:00 UK (Parallel 1) | 01:30 IST
257,2027-02-17,Wednesday,False,2,28,False,2027-02-17 20:00 GMT,2027-02-18 01:30 IST,Wed 17 Feb 2027 20:00 UK (Parallel 2) | 01:30 IST
258,2027-02-18,Thursday,False,1,28,False,2027-02-18 20:00 GMT,2027-02-19 01:30 IST,Thu 18 Feb 2027 20:00 UK (Parallel 1) | 01:30 IST
259,2027-02-19,Friday,False,1,28,False,2027-02-19 20:00 GMT,2027-02-20 01:30 IST,Fri 19 Feb 2027 20:00 UK (Parallel 1) | 01:30 IST
260,2027-02-19,Friday,False,2,28,False,2027-02-19 20:00 GMT,2027-02-20 01:30 IST,Fri 19 Feb 2027 20:00 UK (Parallel 2) | 01:30 IST
261,2027-02-20,Saturday,True,1,28,False,2027-02-20 15:00 GMT,2027-02-20 20:30 IST,Sat 20 Feb 2027 15:00 UK (Parallel 1) | 20:30 IST
262,2027-02-20,Saturday,True,2,28,False,2027-02-20 15:00 GMT,2027-02-20 20:30 IST,Sat 20 Feb 2027 15:00 UK (Parallel 2) | 20:30 IST
263,2027-02-21,Sunday,True,1,28,False,2027-02-21 15:00 GMT,2027-02-21 20:30 IST,Sun 21 Feb 2027 15:00 UK (Parallel 1) | 20:30 IST
264,2027-02-21,Sunday,True,2,28,False,2027-02-21 15:00 GMT,2027-02-21 20:30 IST,Sun 21 Feb 2027 15:00 UK (Parallel 2) | 20:30 IST
265,2027-02-22,Monday,False,1,29,False,2027-02-22 20:00 GMT,2027-02-23 01:30 IST,Mon 22 Feb 2027 20:00 UK (Parallel 1) | 01:30 IST
266,2027-02-23,Tuesday,False,1,29,False,2027-02-23 20:00 GMT,2027-02-24 01:30 IST,Tue 23 Feb 2027 20:00 UK (Parallel 1) | 01:30 IST
267,2027-02-24,Wednesday,False,1,29,False,2027-02-24 20:00 GMT,2027-02-25 01:30 IST,Wed 24 Feb 2027 20:00 UK (Parallel 1) | 01:30 IST
268,2027-02-24,Wednesday,False,2,29,False,2027-02-24 20:00 GMT,2027-02-25 01:30 IST,Wed 24 Feb 2027 20:00 UK (Parallel 2) | 01:30 IST
269,2027-02-25,Thursday,False,1,29,False,2027-02-25 20:00 GMT,2027-02-26 01:30 IST,Thu 25 Feb 2027 20:00 UK (Parallel 1) | 01:30 IST
270,2027-02-26,Friday,False,1,29,False,2027-02-26 20:00 GMT,2027-02-27 01:30 IST,Fri 26 Feb 2027 20:00 UK (Parallel 1) | 01:30 IST
271,2027-02-26,Friday,False,2,29,False,2027-02-26 20:00 GMT,2027-02-27 01:30 IST,Fri 26 Feb 2027 20:00 UK (Parallel 2) | 01:30 IST
272,2027-02-27,Saturday,True,1,29,False,2027-02-27 15:00 GMT,2027-02-27 20:30 IST,Sat 27 Feb 2027 15:00 UK (Parallel 1) | 20:30 IST
273,2027-02-27,Saturday,True,2,29,False,2027-02-27 15:00 GMT,2027-02-27 20:30 IST,Sat 27 Feb 2027 15:00 UK (Parallel 2) | 20:30 IST
274,2027-02-28,Sunday,True,1,29,False,2027-02-28 15:00 GMT,2027-02-28 20:30 IST,Sun 28 Feb 2027 15:00 UK (Parallel 1) | 20:30 IST
275,2027-02-28,Sunday,True,2,29,False,2027-02-28 15:00 GMT,2027-02-28 20:30 IST,Sun 28 Feb 2027 15:00 UK (Parallel 2) | 20:30 IST
276,2027-03-01,Monday,False,1,30,False,2027-03-01 20:00 GMT,2027-03-02 01:30 IST,Mon 01 Mar 2027 20:00 UK (Parallel 1) | 01:30 IST
277,2027-03-02,Tuesday,False,1,30,False,2027-03-02 20:00 GMT,2027-03-03 01:30 IST,Tue 02 Mar 2027 20:00 UK (Parallel 1) | 01:30 IST
278,2027-03-03,Wednesday,False,1,30,False,2027-03-03 20:00 GMT,2027-03-04 01:30 IST,Wed 03 Mar 2027 20:00 UK (Parallel 1) | 01:30 IST
279,2027-03-03,Wednesday,False,2,30,False,2027-03-03 20:00 GMT,2027-03-04 01:30 IST,Wed 03 Mar 2027 20:00 UK (Parallel 2) | 01:30 IST
280,2027-03-04,Thursday,False,1,30,False,2027-03-04 20:00 GMT,2027-03-05 01:30 IST,Thu 04 Mar 2027 20:00 UK (Parallel 1) | 01:30 IST
281,2027-03-05,Friday,False,1,30,False,2027-03-05 20:00 GMT,2027-03-06 01:30 IST,Fri 05 Mar 2027 20:00 UK (Parallel 1) | 01:30 IST
282,2027-03-05,Friday,False,2,30,False,2027-03-05 20:00 GMT,2027-03-06 01:30 IST,Fri 05 Mar 2027 20:00 UK (Parallel 2) | 01:30 IST
283,2027-03-06,Saturday,True,1,30,False,2027-03-06 15:00 GMT,2027-03-06 20:30 IST,Sat 06 Mar 2027 15:00 UK (Parallel 1) | 20:30 IST
284,2027-03-06,Saturday,True,2,30,False,2027-03-06 15:00 GMT,2027-03-06 20:30 IST,Sat 06 Mar 2027 15:00 UK (Parallel 2) | 20:30 IST
285,2027-03-07,Sunday,True,1,30,False,2027-03-07 15:00 GMT,2027-03-07 20:30 IST,Sun 07 Mar 2027 15:00 UK (Parallel 1) | 20:30 IST
286,2027-03-07,Sunday,True,2,30,False,2027-03-07 15:00 GMT,2027-03-07 20:30 IST,Sun 07 Mar 2027 15:00 UK (Parallel 2) | 20:30 IST
287,2027-03-08,Monday,False,1,31,False,2027-03-08 20:00 GMT,2027-03-09 01:30 IST,Mon 08 Mar 2027 20:00 UK (Parallel 1) | 01:30 IST
288,2027-03-09,Tuesday,False,1,31,False,2027-03-09 20:00 GMT,2027-03-10 01:30 IST,Tue 09 Mar 2027 20:00 UK (Parallel 1) | 01:30 IST
289,2027-03-10,Wednesday,False,1,31,False,2027-03-10 20:00 GMT,2027-03-11 01:30 IST,Wed 10 Mar 2027 20:00 UK (Parallel 1) | 01:30 IST
290,2027-03-10,Wednesday,False,2,31,False,2027-03-10 20:00 GMT,2027-03-11 01:30 IST,Wed 10 Mar 2027 20:00 UK (Parallel 2) | 01:30 IST
291,2027-03-11,Thursday,False,1,31,False,2027-03-11 20:00 GMT,2027-03-12 01:30 IST,Thu 11 Mar 2027 20:00 UK (Parallel 1) | 01:30 IST
292,2027-03-12,Friday,False,1,31,False,2027-03-12 20:00 GMT,2027-03-13 01:30 IST,Fri 12 Mar 2027 20:00 UK (Parallel 1) | 01:30 IST
293,2027-03-12,Friday,False,2,31,False,2027-03-12 20:00 GMT,2027-03-13 01:30 IST,Fri 12 Mar 2027 20:00 UK (Parallel 2) | 01:30 IST
294,2027-03-13,Saturday,True,1,31,False,2027-03-13 15:00 GMT,2027-03-13 20:30 IST,Sat 13 Mar 2027 15:00 UK (Parallel 1) | 20:30 IST
295,2027-03-13,Saturday,True,2,31,False,2027-03-13 15:00 GMT,2027-03-13 20:30 IST,Sat 13 Mar 2027 15:00 UK (Parallel 2) | 20:30 IST
296,2027-03-14,Sunday,True,1,31,False,2027-03-14 15:00 GMT,2027-03-14 20:30 IST,Sun 14 Mar 2027 15:00 UK (Parallel 1) | 20:30 IST
297,2027-03-14,Sunday,True,2,31,False,2027-03-14 15:00 GMT,2027-03-14 20:30 IST,Sun 14 Mar 2027 15:00 UK (Parallel 2) | 20:30 IST
298,2027-03-15,Monday,False,1,32,False,2027-03-15 20:00 GMT,2027-03-16 01:30 IST,Mon 15 Mar 2027 20:00 UK (Parallel 1) | 01:30 IST
299,2027-03-16,Tuesday,False,1,32,False,2027-03-16 20:00 GMT,2027-03-17 01:30 IST,Tue 16 Mar 2027 20:00 UK (Parallel 1) | 01:30 IST
300,2027-03-17,Wednesday,False,1,32,False,2027-03-17 20:00 GMT,2027-03-18 01:30 IST,Wed 17 Mar 2027 20:00 UK (Parallel 1) | 01:30 IST
301,2027-03-17,Wednesday,False,2,32,False,2027-03-17 20:00 GMT,2027-03-18 01:30 IST,Wed 17 Mar 2027 20:00 UK (Parallel 2) | 01:30 IST
302,2027-03-18,Thursday,False,1,32,False,2027-03-18 20:00 GMT,2027-03-19 01:30 IST,Thu 18 Mar 2027 20:00 UK (Parallel 1) | 01:30 IST
303,2027-03-19,Friday,False,1,32,False,2027-03-19 20:00 GMT,2027-03-20 01:30 IST,Fri 19 Mar 2027 20:00 UK (Parallel 1) | 01:30 IST
304,2027-03-19,Friday,False,2,32,False,2027-03-19 20:00 GMT,2027-03-20 01:30 IST,Fri 19 Mar 2027 20:00 UK (Parallel 2) | 01:30 IST
305,2027-03-20,Saturday,True,1,32,False,2027-03-20 15:00 GMT,2027-03-20 20:30 IST,Sat 20 Mar 2027 15:00 UK (Parallel 1) | 20:30 IST
306,2027-03-20,Saturday,True,2,32,False,2027-03-20 15:00 GMT,2027-03-20 20:30 IST,Sat 20 Mar 2027 15:00 UK (Parallel 2) | 20:30 IST
307,2027-03-21,Sunday,True,1,32,False,2027-03-21 15:00 GMT,2027-03-21 20:30 IST,Sun 21 Mar 2027 15:00 UK (Parallel 1) | 20:30 IST
308,2027-03-21,Sunday,True,2,32,False,2027-03-21 15:00 GMT,2027-03-21 20:30 IST,Sun 21 Mar 2027 15:00 UK (Parallel 2) | 20:30 IST
309,2027-03-29,Monday,False,1,34,False,2027-03-29 20:00 BST,2027-03-30 00:30 IST,Mon 29 Mar 2027 20:00 UK (Parallel 1) | 00:30 IST
310,2027-03-30,Tuesday,False,1,34,False,2027-03-30 20:00 BST,2027-03-31 00:30 IST,Tue 30 Mar 2027 20:00 UK (Parallel 1) | 00:30 IST
311,2027-03-31,Wednesday,False,1,34,False,2027-03-31 20:00 BST,2027-04-01 00:30 IST,Wed 31 Mar 2027 20:00 UK (Parallel 1) | 00:30 IST
312,2027-03-31,Wednesday,False,2,34,False,2027-03-31 20:00 BST,2027-04-01 00:30 IST,Wed 31 Mar 2027 20:00 UK (Parallel 2) | 00:30 IST
313,2027-04-01,Thursday,False,1,34,False,2027-04-01 20:00 BST,2027-04-02 00:30 IST,Thu 01 Apr 2027 20:00 UK (Parallel 1) | 00:30 IST
314,2027-04-02,Friday,False,1,34,False,2027-04-02 20:00 BST,2027-04-03 00:30 IST,Fri 02 Apr 2027 20:00 UK (Parallel 1) | 00:30 IST
315,2027-04-02,Friday,False,2,34,False,2027-04-02 20:00 BST,2027-04-03 00:30 IST,Fri 02 Apr 2027 20:00 UK (Parallel 2) | 00:30 IST
316,2027-04-03,Saturday,True,1,34,False,2027-04-03 15:00 BST,2027-04-03 19:30 IST,Sat 03 Apr 2027 15:00 UK (Parallel 1) | 19:30 IST
317,2027-04-03,Saturday,True,2,34,False,2027-04-03 15:00 BST,2027-04-03 19:30 IST,Sat 03 Apr 2027 15:00 UK (Parallel 2) | 19:30 IST
318,2027-04-04,Sunday,True,1,34,False,2027-04-04 15:00 BST,2027-04-04 19:30 IST,Sun 04 Apr 2027 15:00 UK (Parallel 1) | 19:30 IST
319,2027-04-04,Sunday,True,2,34,False,2027-04-04 15:00 BST,2027-04-04 19:30 IST,Sun 04 Apr 2027 15:00 UK (Parallel 2) | 19:30 IST
320,2027-04-05,Monday,False,1,35,False,2027-04-05 20:00 BST,2027-04-06 00:30 IST,Mon 05 Apr 2027 20:00 UK (Parallel 1) | 00:30 IST
321,2027-04-06,Tuesday,False,1,35,False,2027-04-06 20:00 BST,2027-04-07 00:30 IST,Tue 06 Apr 2027 20:00 UK (Parallel 1) | 00:30 IST
322,2027-04-07,Wednesday,False,1,35,False,2027-04-07 20:00 BST,2027-04-08 00:30 IST,Wed 07 Apr 2027 20:00 UK (Parallel 1) | 00:30 IST
323,2027-04-07,Wednesday,False,2,35,False,2027-04-07 20:00 BST,2027-04-08 00:30 IST,Wed 07 Apr 2027 20:00 UK (Parallel 2) | 00:30 IST
324,2027-04-08,Thursday,False,1,35,False,2027-04-08 20:00 BST,2027-04-09 00:30 IST,Thu 08 Apr 2027 20:00 UK (Parallel 1) | 00:30 IST
325,2027-04-09,Friday,False,1,35,False,2027-04-09 20:00 BST,2027-04-10 00:30 IST,Fri 09 Apr 2027 20:00 UK (Parallel 1) | 00:30 IST
326,2027-04-09,Friday,False,2,35,False,2027-04-09 20:00 BST,2027-04-10 00:30 IST,Fri 09 Apr 2027 20:00 UK (Parallel 2) | 00:30 IST
327,2027-04-10,Saturday,True,1,35,False,2027-04-10 15:00 BST,2027-04-10 19:30 IST,Sat 10 Apr 2027 15:00 UK (Parallel 1) | 19:30 IST
328,2027-04-10,Saturday,True,2,35,False,2027-04-10 15:00 BST,2027-04-10 19:30 IST,Sat 10 Apr 2027 15:00 UK (Parallel 2) | 19:30 IST
329,2027-04-11,Sunday,True,1,35,False,2027-04-11 15:00 BST,2027-04-11 19:30 IST,Sun 11 Apr 2027 15:00 UK (Parallel 1) | 19:30 IST
330,2027-04-11,Sunday,True,2,35,False,2027-04-11 15:00 BST,2027-04-11 19:30 IST,Sun 11 Apr 2027 15:00 UK (Parallel 2) | 19:30 IST
331,2027-04-12,Monday,False,1,36,False,2027-04-12 20:00 BST,2027-04-13 00:30 IST,Mon 12 Apr 2027 20:00 UK (Parallel 1) | 00:30 IST
332,2027-04-13,Tuesday,False,1,36,False,2027-04-13 20:00 BST,2027-04-14 00:30 IST,Tue 13 Apr 2027 20:00 UK (Parallel 1) | 00:30 IST
333,2027-04-14,Wednesday,False,1,36,False,2027-04-14 20:00 BST,2027-04-15 00:30 IST,Wed 14 Apr 2027 20:00 UK (Parallel 1) | 00:30 IST
334,2027-04-14,Wednesday,False,2,36,False,2027-04-14 20:00 BST,2027-04-15 00:30 IST,Wed 14 Apr 2027 20:00 UK (Parallel 2) | 00:30 IST
335,2027-04-15,Thursday,False,1,36,False,2027-04-15 20:00 BST,2027-04-16 00:30 IST,Thu 15 Apr 2027 20:00 UK (Parallel 1) | 00:30 IST
336,2027-04-16,Friday,False,1,36,False,2027-04-16 20:00 BST,2027-04-17 00:30 IST,Fri 16 Apr 2027 20:00 UK (Parallel 1) | 00:30 IST
337,2027-04-16,Friday,False,2,36,False,2027-04-16 20:00 BST,2027-04-17 00:30 IST,Fri 16 Apr 2027 20:00 UK (Parallel 2) | 00:30 IST
338,2027-04-17,Saturday,True,1,36,False,2027-04-17 15:00 BST,2027-04-17 19:30 IST,Sat 17 Apr 2027 15:00 UK (Parallel 1) | 19:30 IST
339,2027-04-17,Saturday,True,2,36,False,2027-04-17 15:00 BST,2027-04-17 19:30 IST,Sat 17 Apr 2027 15:00 UK (Parallel 2) | 19:30 IST
340,2027-04-18,Sunday,True,1,36,False,2027-04-18 15:00 BST,2027-04-18 19:30 IST,Sun 18 Apr 2027 15:00 UK (Parallel 1) | 19:30 IST
341,2027-04-18,Sunday,True,2,36,False,2027-04-18 15:00 BST,2027-04-18 19:30 IST,Sun 18 Apr 2027 15:00 UK (Parallel 2) | 19:30 IST
342,2027-04-19,Monday,False,1,37,False,2027-04-19 20:00 BST,2027-04-20 00:30 IST,Mon 19 Apr 2027 20:00 UK (Parallel 1) | 00:30 IST
343,2027-04-20,Tuesday,False,1,37,False,2027-04-20 20:00 BST,2027-04-21 00:30 IST,Tue 20 Apr 2027 20:00 UK (Parallel 1) | 00:30 IST
344,2027-04-21,Wednesday,False,1,37,False,2027-04-21 20:00 BST,2027-04-22 00:30 IST,Wed 21 Apr 2027 20:00 UK (Parallel 1) | 00:30 IST
345,2027-04-21,Wednesday,False,2,37,False,2027-04-21 20:00 BST,2027-04-22 00:30 IST,Wed 21 Apr 2027 20:00 UK (Parallel 2) | 00:30 IST
346,2027-04-22,Thursday,False,1,37,False,2027-04-22 20:00 BST,2027-04-23 00:30 IST,Thu 22 Apr 2027 20:00 UK (Parallel 1) | 00:30 IST
347,2027-04-23,Friday,False,1,37,False,2027-04-23 20:00 BST,2027-04-24 00:30 IST,Fri 23 Apr 2027 20:00 UK (Parallel 1) | 00:30 IST
348,2027-04-23,Friday,False,2,37,False,2027-04-23 20:00 BST,2027-04-24 00:30 IST,Fri 23 Apr 2027 20:00 UK (Parallel 2) | 00:30 IST
349,2027-04-24,Saturday,True,1,37,False,2027-04-24 15:00 BST,2027-04-24 19:30 IST,Sat 24 Apr 2027 15:00 UK (Parallel 1) | 19:30 IST
350,2027-04-24,Saturday,True,2,37,False,2027-04-24 15:00 BST,2027-04-24 19:30 IST,Sat 24 Apr 2027 15:00 UK (Parallel 2) | 19:30 IST
351,2027-04-25,Sunday,True,1,37,False,2027-04-25 15:00 BST,2027-04-25 19:30 IST,Sun 25 Apr 2027 15:00 UK (Parallel 1) | 19:30 IST
352,2027-04-25,Sunday,True,2,37,False,2027-04-25 15:00 BST,2027-04-25 19:30 IST,Sun 25 Apr 2027 15:00 UK (Parallel 2) | 19:30 IST
353,2027-04-26,Monday,False,1,38,False,2027-04-26 20:00 BST,2027-04-27 00:30 IST,Mon 26 Apr 2027 20:00 UK (Parallel 1) | 00:30 IST
354,2027-04-27,Tuesday,False,1,38,False,2027-04-27 20:00 BST,2027-04-28 00:30 IST,Tue 27 Apr 2027 20:00 UK (Parallel 1) | 00:30 IST
355,2027-04-28,Wednesday,False,1,38,False,2027-04-28 20:00 BST,2027-04-29 00:30 IST,Wed 28 Apr 2027 20:00 UK (Parallel 1) | 00:30 IST
356,2027-04-28,Wednesday,False,2,38,False,2027-04-28 20:00 BST,2027-04-29 00:30 IST,Wed 28 Apr 2027 20:00 UK (Parallel 2) | 00:30 IST
357,2027-04-29,Thursday,False,1,38,False,2027-04-29 20:00 BST,2027-04-30 00:30 IST,Thu 29 Apr 2027 20:00 UK (Parallel 1) | 00:30 IST
358,2027-04-30,Friday,False,1,38,False,2027-04-30 20:00 BST,2027-05-01 00:30 IST,Fri 30 Apr 2027 20:00 UK (Parallel 1) | 00:30 IST
359,2027-04-30,Friday,False,2,38,False,2027-04-30 20:00 BST,2027-05-01 00:30 IST,Fri 30 Apr 2027 20:00 UK (Parallel 2) | 00:30 IST
360,2027-05-01,Saturday,True,1,38,False,2027-05-01 15:00 BST,2027-05-01 19:30 IST,Sat 01 May 2027 15:00 UK (Parallel 1) | 19:30 IST
361,2027-05-01,Saturday,True,2,38,False,2027-05-01 15:00 BST,2027-05-01 19:30 IST,Sat 01 May 2027 15:00 UK (Parallel 2) | 19:30 IST
362,2027-05-02,Sunday,True,1,38,False,2027-05-02 15:00 BST,2027-05-02 19:30 IST,Sun 02 May 2027 15:00 UK (Parallel 1) | 19:30 IST
363,2027-05-02,Sunday,True,2,38,False,2027-05-02 15:00 BST,2027-05-02 19:30 IST,Sun 02 May 2027 15:00 UK (Parallel 2) | 19:30 IST
364,2027-05-03,Monday,False,1,39,False,2027-05-03 20:00 BST,2027-05-04 00:30 IST,Mon 03 May 2027 20:00 UK (Parallel 1) | 00:30 IST
365,2027-05-04,Tuesday,False,1,39,False,2027-05-04 20:00 BST,2027-05-05 00:30 IST,Tue 04 May 2027 20:00 UK (Parallel 1) | 00:30 IST
366,2027-05-05,Wednesday,False,1,39,False,2027-05-05 20:00 BST,2027-05-06 00:30 IST,Wed 05 May 2027 20:00 UK (Parallel 1) | 00:30 IST
367,2027-05-05,Wednesday,False,2,39,False,2027-05-05 20:00 BST,2027-05-06 00:30 IST,Wed 05 May 2027 20:00 UK (Parallel 2) | 00:30 IST
368,2027-05-06,Thursday,False,1,39,False,2027-05-06 20:00 BST,2027-05-07 00:30 IST,Thu 06 May 2027 20:00 UK (Parallel 1) | 00:30 IST
369,2027-05-07,Friday,False,1,39,False,2027-05-07 20:00 BST,2027-05-08 00:30 IST,Fri 07 May 2027 20:00 UK (Parallel 1) | 00:30 IST
370,2027-05-07,Friday,False,2,39,False,2027-05-07 20:00 BST,2027-05-08 00:30 IST,Fri 07 May 2027 20:00 UK (Parallel 2) | 00:30 IST
371,2027-05-08,Saturday,True,1,39,False,2027-05-08 15:00 BST,2027-05-08 19:30 IST,Sat 08 May 2027 15:00 UK (Parallel 1) | 19:30 IST
372,2027-05-08,Saturday,True,2,39,False,2027-05-08 15:00 BST,2027-05-08 19:30 IST,Sat 08 May 2027 15:00 UK (Parallel 2) | 19:30 IST
373,2027-05-09,Sunday,True,1,39,False,2027-05-09 15:00 BST,2027-05-09 19:30 IST,Sun 09 May 2027 15:00 UK (Parallel 1) | 19:30 IST
374,2027-05-09,Sunday,True,2,39,False,2027-05-09 15:00 BST,2027-05-09 19:30 IST,Sun 09 May 2027 15:00 UK (Parallel 2) | 19:30 IST
375,2027-05-10,Monday,False,1,40,False,2027-05-10 20:00 BST,2027-05-11 00:30 IST,Mon 10 May 2027 20:00 UK (Parallel 1) | 00:30 IST
376,2027-05-11,Tuesday,False,1,40,False,2027-05-11 20:00 BST,2027-05-12 00:30 IST,Tue 11 May 2027 20:00 UK (Parallel 1) | 00:30 IST
377,2027-05-12,Wednesday,False,1,40,False,2027-05-12 20:00 BST,2027-05-13 00:30 IST,Wed 12 May 2027 20:00 UK (Parallel 1) | 00:30 IST
378,2027-05-12,Wednesday,False,2,40,False,2027-05-12 20:00 BST,2027-05-13 00:30 IST,Wed 12 May 2027 20:00 UK (Parallel 2) | 00:30 IST
379,2027-05-13,Thursday,False,1,40,False,2027-05-13 20:00 BST,2027-05-14 00:30 IST,Thu 13 May 2027 20:00 UK (Parallel 1) | 00:30 IST
380,2027-05-14,Friday,False,1,40,False,2027-05-14 20:00 BST,2027-05-15 00:30 IST,Fri 14 May 2027 20:00 UK (Parallel 1) | 00:30 IST
381,2027-05-14,Friday,False,2,40,False,2027-05-14 20:00 BST,2027-05-15 00:30 IST,Fri 14 May 2027 20:00 UK (Parallel 2) | 00:30 IST
382,2027-05-15,Saturday,True,1,40,False,2027-05-15 15:00 BST,2027-05-15 19:30 IST,Sat 15 May 2027 15:00 UK (Parallel 1) | 19:30 IST
383,2027-05-15,Saturday,True,2,40,False,2027-05-15 15:00 BST,2027-05-15 19:30 IST,Sat 15 May 2027 15:00 UK (Parallel 2) | 19:30 IST
384,2027-05-16,Sunday,True,1,40,False,2027-05-16 15:00 BST,2027-05-16 19:30 IST,Sun 16 May 2027 15:00 UK (Parallel 1) | 19:30 IST
385,2027-05-16,Sunday,True,2,40,False,2027-05-16 15:00 BST,2027-05-16 19:30 IST,Sun 16 May 2027 15:00 UK (Parallel 2) | 19:30 IST
386,2027-05-17,Monday,False,1,41,False,2027-05-17 20:00 BST,2027-05-18 00:30 IST,Mon 17 May 2027 20:00 UK (Parallel 1) | 00:30 IST
387,2027-05-18,Tuesday,False,1,41,False,2027-05-18 20:00 BST,2027-05-19 00:30 IST,Tue 18 May 2027 20:00 UK (Parallel 1) | 00:30 IST
388,2027-05-19,Wednesday,False,1,41,False,2027-05-19 20:00 BST,2027-05-20 00:30 IST,Wed 19 May 2027 20:00 UK (Parallel 1) | 00:30 IST
389,2027-05-19,Wednesday,False,2,41,False,2027-05-19 20:00 BST,2027-05-20 00:30 IST,Wed 19 May 2027 20:00 UK (Parallel 2) | 00:30 IST
390,2027-05-20,Thursday,False,1,41,False,2027-05-20 20:00 BST,2027-05-21 00:30 IST,Thu 20 May 2027 20:00 UK (Parallel 1) | 00:30 IST
391,2027-05-21,Friday,False,1,41,False,2027-05-21 20:00 BST,2027-05-22 00:30 IST,Fri 21 May 2027 20:00 UK (Parallel 1) | 00:30 IST
392,2027-05-21,Friday,False,2,41,False,2027-05-21 20:00 BST,2027-05-22 00:30 IST,Fri 21 May 2027 20:00 UK (Parallel 2) | 00:30 IST
393,2027-05-22,Saturday,True,1,41,False,2027-05-22 15:00 BST,2027-05-22 19:30 IST,Sat 22 May 2027 15:00 UK (Parallel 1) | 19:30 IST
394,2027-05-22,Saturday,True,2,41,False,2027-05-22 15:00 BST,2027-05-22 19:30 IST,Sat 22 May 2027 15:00 UK (Parallel 2) | 19:30 IST
395,2027-05-23,Sunday,True,1,41,False,2027-05-23 15:00 BST,2027-05-23 19:30 IST,Sun 23 May 2027 15:00 UK (Parallel 1) | 19:30 IST
396,2027-05-23,Sunday,True,2,41,False,2027-05-23 15:00 BST,2027-05-23 19:30 IST,Sun 23 May 2027 15:00 UK (Parallel 2) | 19:30 IST
397,2027-05-24,Monday,False,1,42,False,2027-05-24 20:00 BST,2027-05-25 00:30 IST,Mon 24 May 2027 20:00 UK (Parallel 1) | 00:30 IST
